,name,pair,price,volume_dollar_24h,volume_coin_24h,depth_minus_2,depth_plus_2,other_info,Volume_perc,spread,Last_traded,Trust_score
0,Trader Joe,MIM/WAVAX Live Chart 0x130966628846bfd36ff31a822705796e8cb8c18d,$0.999909,"$64,013,527",66259761.173 MIM,"$3,574,599","$3,585,372",0.0119612467497551 0XB31F66AA3C1E785363F0875A1B74E27B85FD66C7,25.56%,0.6%,Recently,
1,Sushiswap (Arbitrum One),WETH/MIM 0x82af49447d8a07e3bd95bd0d56f35241523fbab1,$1.00,"$17,890,196",5836.910 WETH,"$1,983,918","$1,989,897",3038.87092365693 0XFEA7A6A0B346362BF88A9E4A88416B77A57D6C2A,7.14%,0.6%,Recently,
2,Spookyswap,WFTM/MIM Live Chart 0x21be370d5312f44cb42ce377bc9b8a0cef1a4c83,$1.01,"$19,013,641",8163287.057 WFTM,"$450,125","$451,482",2.23489247715462 0X82F0B8B456C1A451378467398982D4834B6829C1,7.59%,0.6%,Recently,
3,Bitfinex,BTC/MIM,$0.998872,"$26,290",0.633 BTC,"$8,992","$1,022,568",41585 MIM,0.01%,0.55%,Recently,
4,Trader Joe,MIM/USDC Live Chart 0x130966628846bfd36ff31a822705796e8cb8c18d,$1.00,"$3,285,075",3278609.006 MIM,"$275,546","$276,377",1.00055247135645 0XA7D7079B0FEAD91F3E65F86E8915CB59C1A4C664,1.31%,0.6%,Recently,
5,Uniswap (v3),MIM/USDC Info 0x99d8a9c45b2eca8864373a26d1459e3dff1e17f3,$1.01,"$7,551,335",7472645.860 MIM,"$204,948","$205,565",1.00020311214981 USDC,3.02%,0.6%,Recently,
6,SpiritSwap,WFTM/MIM Live Chart 0x21be370d5312f44cb42ce377bc9b8a0cef1a4c83,$1.01,"$8,845,035",3830551.027 WFTM,"$194,472","$195,059",2.23721873119974 0X82F0B8B456C1A451378467398982D4834B6829C1,3.53%,0.6%,Recently,
7,Pangolin,MIM/USDC Live Chart 0x130966628846bfd36ff31a822705796e8cb8c18d,$0.995726,"$263,039",265530.851 MIM,"$201,238","$201,845",0.998243352665198 0XA7D7079B0FEAD91F3E65F86E8915CB59C1A4C664,0.11%,0.6%,Recently,
8,Sushiswap,MIM/WETH Live Chart 0x99d8a9c45b2eca8864373a26d1459e3dff1e17f3,$0.993562,"$1,748,051",1795301.265 MIM,"$76,800","$77,031",0.0003276690091366 0XC02AAA39B223FE8D0A0E5C4F27EAD9083C756CC2,0.70%,0.6%,Recently,
9,Pangolin,MIM/WAVAX Live Chart 0x130966628846bfd36ff31a822705796e8cb8c18d,$1.00,"$710,616",732421.262 MIM,"$63,069","$63,259",0.0119672376114771 0XB31F66AA3C1E785363F0875A1B74E27B85FD66C7,0.28%,0.6%,Recently,
10,Solarbeam,MIM/MOVR Live Chart 0x0cae51e1032e8461f4806e26332c030e34de3adb,$1.02,"$472,968",482959.992 MIM,"$28,549","$28,635",0.006544631208044 0X98878B06940AE243284CA214F92BB71A2B032B8A,0.19%,0.6%,Recently,
11,KyberSwap (Fantom),USDC/MIM 0x04068da6c83afcfa0e13ba15a6696662335d5b75,$1.00,"$352,029",350468.989 USDC,"$10,063","$10,093",0.999275059125598 0X82F0B8B456C1A451378467398982D4834B6829C1,0.14%,0.6%,Recently,
12,Bitfinex,SPELL/MIM,$0.998872,"$2,871",203130.852 SPELL,$564,"$2,484",0.01415 MIM,0.00%,0.5%,Recently,
13,Hoo.com,MIM/USDT,$1.02,"$52,107",51860.260 MIM,$336,$225,1.0123 USDT,0.02%,1.99%,Recently,
14,Spookyswap,WETH/MIM Live Chart 0x74b23882a30290451a17c44f4f05243b6b58c76d,$1.01,$191,0.062 WETH,$58,$58,3038.14359940265 0X82F0B8B456C1A451378467398982D4834B6829C1,0.00%,0.74%,Recently,
15,Trader Joe,MIM/DAI Live Chart 0x130966628846bfd36ff31a822705796e8cb8c18d,$1.00,$112,111.383 MIM,$37,$37,0.999750255794055 0XD586E7F844CEA2F87F50152665BCBC2C279D8D70,0.00%,0.82%,Recently,
16,Gemini,MIM/USD,$1.00,"$52,031",51937.229 MIM,"$6,313,823","$641,805",1.0029 USD,0.02%,0.41%,Recently,
17,Bitfinex,MIM/USDT,$1.00,"$1,225",1222.978 MIM,"$610,517","$513,843",1.0001 UST,0.00%,0.2%,Recently,
18,Bitfinex,MIM/USD,$0.999405,"$1,677",1677.777 MIM,"$509,098","$512,250",1.0005 USD,0.00%,0.3%,Recently,
19,Trader Joe,MIM/TIME Live Chart 0x130966628846bfd36ff31a822705796e8cb8c18d,$0.997417,"$64,199,497",69936116.184 MIM,$0,$0,0.0004860231633194 0XB54F16FB19478766A268F172C9480F8DA1A7C9C3,25.64%,0.01%,Recently,
20,Poloniex,MIM/USDT,$0.999678,$5.00,4.999 MIM,"$657,587","$2,158",0.99835357 USDT,0.00%,0.36%,Recently,
21,Thorus,MIM/STATIK 0x130966628846bfd36ff31a822705796e8cb8c18d,$1.01,"$243,344",238906.583 MIM,"$37,652","$37,765",0.98843627254325 0X97D367A5F900F5C9DB4370D0D801FC52332244C7,0.10%,0.6%,Recently,
22,Trader Joe,MIM/CROWN Live Chart 0x130966628846bfd36ff31a822705796e8cb8c18d,$1.00,"$3,694,933",4132840.905 MIM,$0,$0,0.0246649493768327 0XED46443C18E38064523180FC364C6180B35803D3,1.48%,0.01%,Recently,
23,Spookyswap,MIM/FHM Live Chart 0x82f0b8b456c1a451378467398982d4834b6829c1,$1.01,"$1,278,105",1300211.629 MIM,$0,$0,0.0087498572690557 0XFA1FBB8EF55A4855E5688C0EE13AC3F202486286,0.51%,0.01%,Recently,
24,Trader Joe,MIM/MAG Live Chart 0x130966628846bfd36ff31a822705796e8cb8c18d,$0.997417,"$1,239,429",1501502.515 MIM,$0,$0,0.763352183412945 0X1D60109178C48E4A937D8AB71699D8EBB6F7C5DE,0.49%,0.01%,Recently,
25,Trader Joe,MIM/RUG Live Chart 0x130966628846bfd36ff31a822705796e8cb8c18d,$0.997964,"$1,129,729",1250637.383 MIM,$0,$0,0.13287288238903 0XB8EF3A190B68175000B74B4160D325FD5024760E,0.45%,0.01%,Recently,
26,Trader Joe,MIM/VOLT Live Chart 0x130966628846bfd36ff31a822705796e8cb8c18d,$0.999357,"$654,818",653369.845 MIM,$0,$0,0.0052979509464176 0XF5EE578505F4D876FEF288DFD9FD5E15E9EA1318,0.26%,0.01%,Recently,
27,Crodex,MIM/USDC 0x2bc472832eb20c65f82d6a869db845ab0c0099ba,$1.01,"$1,908",1895.327 MIM,"$4,116","$4,129",0.996544372591543 0XC21223249CA28397B4B6541DFFAECC539BFF0C59,0.00%,0.6%,Recently,
28,Trader Joe,MIM/SB Live Chart 0x130966628846bfd36ff31a822705796e8cb8c18d,$1.00,"$406,674",407143.444 MIM,$0,$0,0.0035936398101591 0X7D1232B90D3F809A54EEAEEBC639C62DF8A8942F,0.16%,0.01%,Recently,
29,Trader Joe,MIM/PAPA Live Chart 0x130966628846bfd36ff31a822705796e8cb8c18d,$0.997417,"$288,814",291273.208 MIM,$0,$0,0.600628386513839 0X70B33EBC5544C12691D055B49762D0F8365D99FE,0.12%,0.01%,Recently,
30,Soulswap,WFTM/MIM 0x21be370d5312f44cb42ce377bc9b8a0cef1a4c83,$1.00,"$18,822",8110.272 WFTM,"$1,768","$1,774",2.21996691177299 0X82F0B8B456C1A451378467398982D4834B6829C1,0.01%,0.61%,Recently,
31,Crodex,MIM/WCRO 0x2bc472832eb20c65f82d6a869db845ab0c0099ba,$0.998923,"$3,115",3168.775 MIM,"$1,529","$1,534",2.24008635524414 0X5C7F8A570D578ED84E63FDFA7B1EE72DEAE1AE23,0.00%,0.61%,Recently,
32,Trader Joe,MIM/FORT Live Chart 0x130966628846bfd36ff31a822705796e8cb8c18d,$0.999357,"$192,333",194067.807 MIM,$0,$0,0.165988839602071 0XF6D46849DB378AE01D93732585BEC2C4480D1FD5,0.08%,0.01%,Recently,
33,Trader Joe,MIM/CLAVIS Live Chart 0x130966628846bfd36ff31a822705796e8cb8c18d,$0.997417,"$139,045",136683.582 MIM,$0,$0,0.0305412050517186 0XA5B0F5EF809FD04C9D4320211C711CB34EF812DD,0.06%,0.01%,Recently,
34,Sushiswap (Arbitrum One),UMAMI/MIM 0x1622bf67e6e5747b81866fe0b85178a93c7f86e3,$1.00,"$62,771",2022.630 UMAMI,$0,$0,29.4652712009999 0XFEA7A6A0B346362BF88A9E4A88416B77A57D6C2A,0.03%,0.01%,Recently,
35,Trader Joe,MIM/LF Live Chart 0x130966628846bfd36ff31a822705796e8cb8c18d,$1.00,"$61,165",67660.659 MIM,$0,$0,0.275920215247754 0X5684A087C739A2E845F4AAAABF4FBD261EDC2BE8,0.02%,0.01%,**1 hour ago Updated recently,
36,Trader Joe,MIM/BLANC Live Chart 0x130966628846bfd36ff31a822705796e8cb8c18d,$0.999357,"$48,620",49630.850 MIM,$0,$0,0.799797364265247 0XF481EEC738C46F675E077EE966A680A19210AF11,0.02%,0.01%,Recently,
37,Trader Joe,MIM/SPACE Live Chart 0x130966628846bfd36ff31a822705796e8cb8c18d,$1.00,"$21,671",24352.621 MIM,$0,$0,0.515765614261097 0X353AF195C0D82820C59427BFBD318A49971AAE1A,0.01%,0.01%,**1 hour ago Updated recently,
38,Trader Joe,MIM/TEMPO Live Chart 0x130966628846bfd36ff31a822705796e8cb8c18d,$0.997417,"$20,398",20591.716 MIM,$0,$0,1.16032793710375 0X88A425B738682F58C0FF9FCF2CCEB47A361EF4CF,0.01%,0.01%,Recently,
39,Trader Joe,MIM/VAL Live Chart 0x130966628846bfd36ff31a822705796e8cb8c18d,$1.00,"$18,729",18864.486 MIM,$0,$0,0.112576235663311 0XE0474C15BC7F8213EE5BFB42F9E68B2D6BE2E136,0.01%,0.01%,Recently,
40,Trader Joe,MIM/JOLLY Live Chart 0x130966628846bfd36ff31a822705796e8cb8c18d,$0.997417,"$13,514",12716.031 MIM,$0,$0,0.0931382710488829 0X30FF717FC266F2DCB3ADC1AF4043F8C517491E66,0.01%,0.01%,Recently,
41,Trader Joe,MIM/GHOST Live Chart 0x130966628846bfd36ff31a822705796e8cb8c18d,$1.00,"$5,925",6343.160 MIM,$0,$0,8.09517401300258 0XA72EAB7327E48BDE0FF873EAF1D4FECF6036504F,0.00%,0.01%,Recently,
42,Trader Joe,MIM/PEFI Live Chart 0x130966628846bfd36ff31a822705796e8cb8c18d,$0.997964,"$5,330",5650.152 MIM,$0,$0,1.25799942561233 0XE896CDEAAC9615145C0CA09C8CD5C25BCED6384C,0.00%,0.01%,Recently,
43,Spookyswap,USDC/MIM Live Chart 0x04068da6c83afcfa0e13ba15a6696662335d5b75,$1.00,$74.78,74.767 USDC,$46,$46,0.99876118827152 0X82F0B8B456C1A451378467398982D4834B6829C1,0.00%,0.78%,**1 hour ago Updated recently,
44,Trader Joe,MIM/SDOG Live Chart 0x130966628846bfd36ff31a822705796e8cb8c18d,$0.997964,"$4,679",4691.155 MIM,$0,$0,0.0298670581591386 0XDE9E52F1838951E4D2BB6C59723B003C353979B6,0.00%,0.01%,Recently,
45,Trader Joe,DCAU/MIM Live Chart 0x100cc3a819dd3e8573fd2e46d1e66ee866068f30,$0.999357,"$4,315",527.990 DCAU,$0,$0,8.25419224565487 0X130966628846BFD36FF31A822705796E8CB8C18D,0.00%,0.01%,Recently,
46,Trader Joe,MIM/AUSD Live Chart 0x130966628846bfd36ff31a822705796e8cb8c18d,$1.00,"$4,271",4252.611 MIM,$0,$0,0.998895321707879 0X783C08B5F26E3DAF8C4681F3BF49844E425B6393,0.00%,0.01%,Recently,
47,Trader Joe,MIM/RGK Live Chart 0x130966628846bfd36ff31a822705796e8cb8c18d,$1.00,"$3,985",3750.610 MIM,$0,$0,6.75745324120949 0X46FCCF447F74EC97A521615FCE111118597071F7,0.00%,0.01%,Recently,
48,Trader Joe,MIM/ICE Live Chart 0x130966628846bfd36ff31a822705796e8cb8c18d,$0.997964,"$3,792",4085.592 MIM,$0,$0,1.25718598726886 0X9235B893A3E61A14B2D02A91EC1394FBF411689E,0.00%,0.01%,Recently,
49,Trader Joe,MIM/WSOHM Live Chart 0x130966628846bfd36ff31a822705796e8cb8c18d,$0.997964,"$3,620",4492.759 MIM,$0,$0,0.0000773101489179 0X8CD309E14575203535EF120B5B0AB4DDED0C2073,0.00%,0.01%,Recently,
50,Sushiswap (Arbitrum One),OMIC/MIM 0x86b3353387f560295a8fa7902679735e5f076bd5,$1.01,"$1,393",96.920 OMIC,$0,$0,14.6661845265522 0XFEA7A6A0B346362BF88A9E4A88416B77A57D6C2A,0.00%,0.01%,**1 hour ago Updated recently,
51,Trader Joe,PB/MIM Live Chart 0x0e75cdb914ddcca683357dd94d26caa39bc14b16,$0.997417,"$1,061",179.624 PB,$0,$0,5.90133434561236 0X130966628846BFD36FF31A822705796E8CB8C18D,0.00%,0.01%,**2 hours ago Updated recently,
52,Trader Joe,MIM/CAKE Live Chart 0x130966628846bfd36ff31a822705796e8cb8c18d,$0.999357,$537,546.269 MIM,$0,$0,0.668019689046433 0X4EB49A2F9A79053866FAE806FAC95A3EF5B92C05,0.00%,0.01%,Recently,
53,Trader Joe,MIM/GG Live Chart 0x130966628846bfd36ff31a822705796e8cb8c18d,$0.997417,$210,229.417 MIM,$0,$0,320.085452127781 0XF2F7CE610A091B94D41D69F4FF1129434A82E2F0,0.00%,0.01%,Recently,
54,Trader Joe,MIM/DUNE Live Chart 0x130966628846bfd36ff31a822705796e8cb8c18d,$0.997417,$204,191.590 MIM,$0,$0,2.11022174192059 0X314F3BEE25E49EA4BCEA9A3D1321C74C95F10EAB,0.00%,0.01%,Recently,
55,Trader Joe,MIM/NADO Live Chart 0x130966628846bfd36ff31a822705796e8cb8c18d,$1.00,$54.77,54.868 MIM,$0,$0,1.40767207133606 0XB80323C7AA915CB960B19B5CCA1D88A2132F7BD1,0.00%,0.01%,**2 hours ago Updated recently,
56,Solarbeam,MIM/BUSD Live Chart 0x0cae51e1032e8461f4806e26332c030e34de3adb,$1.02,$0.01342790,0.013 MIM,$2,$2,1.0084280820847 0X5D9AB5522C64E1F6EF5E3627ECCC093F56167818,0.00%,5.62%,Recently,
57,SpiritSwap,SPELL/MIM Live Chart 0x468003b688943977e6130f4f68f23aad939a1040,$1.01,$40.33,2715.535 SPELL,$0,$0,0.0138899375228104 0X82F0B8B456C1A451378467398982D4834B6829C1,0.00%,0.01%,Recently,
58,Trader Joe,MIM/FEED Live Chart 0x130966628846bfd36ff31a822705796e8cb8c18d,$1.00,$29.73,33.536 MIM,$0,$0,39.0638846854119 0XAB592D197ACC575D16C3346F4EB70C703F308D1E,0.00%,0.01%,Recently,
59,Trader Joe,MIM/AVE Live Chart 0x130966628846bfd36ff31a822705796e8cb8c18d,$1.00,$23.16,24.071 MIM,$0,$0,9.7834939231734 0X78EA17559B3D2CF85A7F9C2C704EDA119DB5E6DE,0.00%,0.01%,**2 hours ago Updated recently,
60,AscendEX (BitMax) ,MIM/USDT,$1.00,"$75,538",75423.000 MIM,"$871,071","$7,639",1.0002 USDT,0.03%,0.12%,Recently,
61,Sushiswap,SPELL/MIM Live Chart 0x090185f2135308bad17527004364ebcc2d37e5f6,$1.07,"$2,192",144421.861 SPELL,$0,$0,0.0132514843527798 0X99D8A9C45B2ECA8864373A26D1459E3DFF1E17F3,0.00%,0.01%,**3 hours ago Updated recently,
62,Trader Joe,MIM/SBR Live Chart 0x130966628846bfd36ff31a822705796e8cb8c18d,$0.999357,$21.25,21.213 MIM,$0,$0,1.70893232524055 0X19613FEC180746831BDF819E0790F35741040DFD,0.00%,0.01%,**2 hours ago Updated recently,
63,Trader Joe,MIM/SPELL Live Chart 0x130966628846bfd36ff31a822705796e8cb8c18d,$0.997964,$12.16,13.509 MIM,$0,$0,73.7429113250515 0XCE1BFFBD5374DAC86A2893119683F4911A2F7814,0.00%,0.01%,**3 hours ago Updated recently,
64,Trader Joe,MIM/AKITA Live Chart 0x130966628846bfd36ff31a822705796e8cb8c18d,$0.997964,$6.74,6.654 MIM,$0,$0,875051.070182864 0XCAF5191FC480F43E4DF80106C7695ECA56E48B18,0.00%,0.01%,**4 hours ago Updated recently,
65,Trader Joe,HATTER/MIM Live Chart 0x01c5e2a4af2bd9f62c7d55c6105b8a64e6905be5,$1.00,$0.00000395,1836.570 HATTER,$0,$0,0.0000000021427262 0X130966628846BFD36FF31A822705796E8CB8C18D,0.00%,0.01%,**4 hours ago Updated recently,
66,Spookyswap,MIM/DAI Live Chart 0x82f0b8b456c1a451378467398982d4834b6829c1,$1.00,$0.000000001138,0.000 MIM,$0,$0,1.00027224666747 0X8D11EC38A3EB5E956B052F67DA8BDC9BEF8ABF3E,0.00%,-233.39%,**7 hours ago Updated recently,-
67,Curve Finance,MIM/USDT,$1.00,"$35,927,068",35859125.877 MIM,-,-,1.00056769612551 USDT,14.35%,-,Recently,-
68,Curve Finance,MIM/USDC,$1.00,"$9,320,682",9308317.886 MIM,-,-,0.99944641776 USDC,3.72%,-,Recently,-
69,Curve Finance,MIM/DAI,$1.00,"$5,765,156",5749137.982 MIM,-,-,1.00055538208093 DAI,2.30%,-,Recently,-
70,OpenOcean,MIM/USDC,$1.00,"$219,674",219020.776 MIM,-,-,0.99997598 USDC,0.09%,-,Recently,-
71,OpenOcean,MIM/DAI,$1.00,"$25,026",24937.669 MIM,-,-,1.00020673 DAI,0.01%,-,**1 hour ago Updated recently,-
72,OpenOcean,DAI/MIM,$0.974827,"$14,614",15000.000 DAI,-,-,0.99944793 MIM,0.01%,-,**3 hours ago Updated recently,-
73,OpenOcean,MIM/FHM,$0.974827,"$12,256",12572.039 MIM,-,-,0.0083635 FHM,0.00%,-,**3 hours ago Updated recently,-
74,OpenOcean,FHM/MIM,$0.974827,"$11,183",112.189 FHM,-,-,102.25127324 MIM,0.00%,-,**3 hours ago Updated recently,-
75,OpenOcean,TSHARE/MIM,$0.974827,"$4,106",0.328 TSHARE,-,-,12859.65002881 MIM,0.00%,-,**5 hours ago Updated recently,-
76,OpenOcean,BNB/MIM,$0.974827,"$1,577",3.755 BNB,-,-,430.90391367 MIM,0.00%,-,**6 hours ago Updated recently,-
77,OpenOcean,MIM/FRAX,$0.974827,$72.14,74.000 MIM,-,-,0.99536429 FRAX,0.00%,-,**1 hour ago Updated recently,-
78,Uniswap (v3),MIM/ETH Info 0x99d8a9c45b2eca8864373a26d1459e3dff1e17f3,*$1.05,"$113,354",108237.241 MIM,"$530,936","$532,536",0.000344357355155 ETH,0.05%,0.6%,Recently,
79,Solarbeam,MIM/USDC Live Chart 0x0cae51e1032e8461f4806e26332c030e34de3adb,*$1.02,"$257,245",249261.855 MIM,"$29,787","$29,877",0.999717418476344 0XE3F5A90F9CB311505CD691A46596599AA1A0AD7D,0.10%,0.6%,Recently,
80,Thorus,MIM/WAVAX 0x130966628846bfd36ff31a822705796e8cb8c18d,*$1.01,"$409,707",421440.806 MIM,"$34,534","$34,638",0.0119999324522413 0XB31F66AA3C1E785363F0875A1B74E27B85FD66C7,0.16%,0.6%,Recently,
81,Sushiswap,DMND/MIM Live Chart 0x144e3b02e08e644ffbb7ff652763f5b72ee22701,*$1.02,"$784,550",15071.087 DMND,$0,$0,41.020966989196 0X99D8A9C45B2ECA8864373A26D1459E3DFF1E17F3,0.31%,0.01%,**1 hour ago Updated recently,
82,Lydia Finance,MIM/WAVAX 0x130966628846bfd36ff31a822705796e8cb8c18d,*$0.998004,"$27,976",29652.949 MIM,"$1,811","$1,817",0.0120069397215771 0XB31F66AA3C1E785363F0875A1B74E27B85FD66C7,0.01%,0.61%,Recently,
83,Trader Joe,MIM/JOE Live Chart 0x130966628846bfd36ff31a822705796e8cb8c18d,*$0.997964,$0.00017640,0.000 MIM,$0,$0,2.70681219584654 0X6E84A6216EA6DACC71EE8E6B0A5B7322EEBC0FDD,0.00%,0.01%,**1 hour ago Updated recently,
84,Spookyswap,MIM/2SHARES Live Chart 0x82f0b8b456c1a451378467398982d4834b6829c1,*$0.895104,$0.01131317,0.014 MIM,$0,$0,0.0030859158068022 0XC54A1684FD1BEF1F077A336E6BE4BD9A3096A6CA,0.00%,0.01%,**1 hour ago Updated recently,-
85,Trader Joe,MIM/BNB Live Chart 0x130966628846bfd36ff31a822705796e8cb8c18d,*$1.00,$0.00,0.000 MIM,$0,$0,0.0021595195999286 0X264C1383EA520F73DD837F915EF3A732E204A493,0.00%,0.01%,**4 hours ago Updated recently,-
86,OpenOcean,USDC/MIM,*$0.974827,"$290,852",298483.800 USDC,-,-,0.99959532 MIM,0.12%,-,Recently,-
87,OpenOcean,MIM/FTM,*$0.919068,"$145,966",158819.157 MIM,-,-,0.41055138 FTM,0.06%,-,**1 hour ago Updated recently,-
88,OpenOcean,MIM/WETH,*$0.964850,"$76,062",78833.088 MIM,-,-,0.00031678 WETH,0.03%,-,**2 hours ago Updated recently,-
89,OpenOcean,MIM/LQDR,*$0.878242,"$40,478",46090.289 MIM,-,-,0.04916133 LQDR,0.02%,-,**2 hours ago Updated recently,-
90,OpenOcean,MIM/SPIRIT,*$1.08,"$16,652",15384.073 MIM,-,-,5.89890326 SPIRIT,0.01%,-,Recently,-
91,OpenOcean,FTM/MIM,*$0.974827,"$12,980",5438.326 FTM,-,-,2.44837734 MIM,0.01%,-,**5 hours ago Updated recently,-
92,OpenOcean,FUSDT/MIM,*$0.974827,"$6,090",6248.709 FUSDT,-,-,0.9996921 MIM,0.00%,-,**2 hours ago Updated recently,-
93,OpenOcean,ANY/MIM,*$0.974827,"$4,590",286.097 ANY,-,-,16.45912649 MIM,0.00%,-,**7 hours ago Updated recently,-
94,OpenOcean,MIMATIC/MIM,*$0.974827,"$4,234",4400.000 MIMATIC,-,-,0.98716788 MIM,0.00%,-,Recently,-
95,OpenOcean,MIM/TIME,*$0.974827,"$4,192",4300.000 MIM,-,-,0.00047173 TIME,0.00%,-,**2 hours ago Updated recently,-
96,OpenOcean,TIME/MIM,*$0.974827,"$2,341",1.064 TIME,-,-,2257.82944855 MIM,0.00%,-,Recently,-
97,OpenOcean,AVAX/MIM,*$0.974827,"$2,166",25.202 AVAX,-,-,88.1767673 MIM,0.00%,-,**4 hours ago Updated recently,-
98,OpenOcean,MIM/AVAX,*$0.945174,$246,260.000 MIM,-,-,0.01132852 AVAX,0.00%,-,**2 hours ago Updated recently,-
99,OpenOcean,MIM/YFI,*$1.02,$225,219.795 MIM,-,-,0.00003248 YFI,0.00%,-,**5 hours ago Updated recently,-
100,OpenOcean,SCREAM/MIM,*$0.974827,$215,3.557 SCREAM,-,-,62.06877649 MIM,?,-,**5 hours ago Updated recently,-
101,Spookyswap,MIM/WMEMO Live Chart 0x82f0b8b456c1a451378467398982d4834b6829c1,$1.00,$0.377770,0.372 MIM,$0,$0,0.0000107016529606 0XDDC0385169797937066BBD8EF409B5B3C0DFEB52,-,0.01%,**9 hours ago Updated recently,
102,Sushiswap (Arbitrum One),NYAN/MIM 0xed3fb761414da74b74f33e5c5a1f78104b188dfc,$1.00,$0.00,0.000 NYAN,$0,$0,0.0365397753957697 0XFEA7A6A0B346362BF88A9E4A88416B77A57D6C2A,-,0.01%,**4 days ago Updated recently,-
103,OpenOcean,MIM/SUSHI,$1.01,"$50,521",50000.000 MIM,-,-,0.1376486 SUSHI,-,-,**3 days ago Updated 2 days ago,-
104,OpenOcean,MIM/WBTC,$0.969234,"$20,415",21062.866 MIM,-,-,0.0000233 WBTC,-,-,**4 days ago Updated 3 days ago,-
105,OpenOcean,MIM/SCREAM,$0.981216,"$19,624",20000.000 MIM,-,-,0.01338355 SCREAM,-,-,**4 days ago Updated 3 days ago,-
106,OpenOcean,ICE/MIM,$0.995903,"$17,661",1000.000 ICE,-,-,17.73330767 MIM,-,-,**4 days ago Updated 4 days ago,-
107,OpenOcean,MIM/TSHARE,$1.20,"$5,962",4950.324 MIM,-,-,0.00009434 TSHARE,-,-,**1 day ago Updated 7 hours ago,-
108,OpenOcean,WETH/MIM,$0.986362,"$4,776",1.600 WETH,-,-,3026.39830303 MIM,-,-,**2 days ago Updated 1 day ago,-
109,OpenOcean,MIM/BLZZ,$0.970364,"$3,881",4000.000 MIM,-,-,6.60430531 BLZZ,-,-,**5 days ago Updated 4 days ago,-
110,OpenOcean,MIM/YEL,$0.958851,"$3,497",3647.559 MIM,-,-,28.02030287 YEL,-,-,**5 days ago Updated 4 days ago,-
111,OpenOcean,YEL/MIM,$0.961869,"$3,037",102205.718 YEL,-,-,0.0308899 MIM,-,-,**5 days ago Updated 4 days ago,-
112,OpenOcean,MIM/WFTM,$0.989872,"$2,374",2398.200 MIM,-,-,0.42170624 WFTM,-,-,**21 hours ago Updated 13 hours ago,-
113,OpenOcean,YFI/MIM,$0.900516,"$2,243",0.065 YFI,-,-,38154.0273408 MIM,-,-,**7 days ago Updated 6 days ago,-
114,OpenOcean,MIM/MIMATIC,$1.00,"$1,846",1845.971 MIM,-,-,1.00422821 MIMATIC,-,-,**1 day ago Updated 1 day ago,-
115,OpenOcean,BUSD/MIM,$0.899050,"$1,724",1989.700 BUSD,-,-,0.96376843 MIM,-,-,**7 days ago Updated 6 days ago,-
116,OpenOcean,SPIRIT/MIM,$1.02,"$1,701",8319.206 SPIRIT,-,-,0.20030421 MIM,-,-,**3 days ago Updated 2 days ago,-
117,OpenOcean,HEC/MIM,$0.991914,"$1,618",25.526 HEC,-,-,63.90724687 MIM,-,-,**1 day ago Updated 4 hours ago,-
118,OpenOcean,MIM/BEETS,$1.09,"$1,086",1000.000 MIM,-,-,2.15627874 BEETS,-,-,**1 day ago Updated 2 hours ago,-
119,OpenOcean,MIM/EXOD,$0.992395,$947,954.685 MIM,-,-,0.00215152 EXOD,-,-,**4 days ago Updated 3 days ago,-
120,OpenOcean,GEIST/MIM,$0.999602,$945,3458.824 GEIST,-,-,0.27345422 MIM,-,-,**2 days ago Updated 1 day ago,-
121,OpenOcean,GOHM/MIM,$0.987215,$912,0.058 GOHM,-,-,15931.96432623 MIM,-,-,**3 days ago Updated 2 days ago,-
122,OpenOcean,MIM/SPELL,$0.974827,$780,800.000 MIM,-,-,63.86923804 SPELL,-,-,**22 hours ago Updated recently,-
123,OpenOcean,JOE/MIM,$1.02,$752,486.785 JOE,-,-,1.51429898 MIM,-,-,**3 days ago Updated 2 days ago,-
124,OpenOcean,MIM/BUSD,$0.957167,$677,706.933 MIM,-,-,0.98972256 BUSD,-,-,**5 days ago Updated 4 days ago,-
125,OpenOcean,LQDR/MIM,$0.974827,$616,31.822 LQDR,-,-,19.86645231 MIM,-,-,**10 hours ago Updated recently,-
126,OpenOcean,USDC/MIM,$0.979775,$488,498.109 USDC,-,-,0.99970056 MIM,-,-,**1 day ago Updated 22 hours ago,-
127,OpenOcean,WBTC/MIM,$0.990212,$413,0.010 WBTC,-,-,41748.96179599 MIM,-,-,**1 day ago Updated 20 hours ago,-
128,OpenOcean,MIM/ICE,$0.974827,$252,258.000 MIM,-,-,0.06681023 ICE,-,-,**22 hours ago Updated recently,-
129,OpenOcean,MIM/WAVAX,$0.963360,$123,127.274 MIM,-,-,0.01018603 WAVAX,-,-,**5 days ago Updated 4 days ago,-
130,OpenOcean,MIM/FUSDT,$1.01,$115,114.340 MIM,-,-,0.99988994 FUSDT,-,-,**1 day ago Updated 1 day ago,-
131,OpenOcean,MIM/GEIST,$0.927918,$72.39,78.013 MIM,-,-,3.04283603 GEIST,-,-,**3 days ago Updated 2 days ago,-
132,OpenOcean,TOMB/MIM,$0.974827,$71.71,31.232 TOMB,-,-,2.35526518 MIM,-,-,**10 hours ago Updated recently,-
133,OpenOcean,MIM/USDC,$0.988384,$51.40,52.000 MIM,-,-,0.99950469 USDC.E,-,-,**22 hours ago Updated 9 hours ago,-
134,OpenOcean,MIM/GOHM,$0.974827,$23.07,23.665 MIM,-,-,0.00006225 GOHM,-,-,**17 hours ago Updated recently,-
135,OpenOcean,SPELL/MIM,$0.981866,$20.46,1397.089 SPELL,-,-,0.01491266 MIM,-,-,**1 day ago Updated 20 hours ago,-
136,OpenOcean,WFTM/MIM,$0.981866,$14.73,6.449 WFTM,-,-,2.32666526 MIM,-,-,**2 days ago Updated 20 hours ago,-
137,Crodex,MIM/USDT 0x2bc472832eb20c65f82d6a869db845ab0c0099ba,*$0.973084,$153,156.020 MIM,$114,$114,0.972924463918481 0X66E428C3F67A68878562E79A0234C1F83C208770,-,0.67%,**2 days ago Updated recently,-
138,Sushiswap (Arbitrum One),MIM/USDC 0xfea7a6a0b346362bf88a9e4a88416b77a57d6c2a,*$1.00,$0.00,0.000 MIM,$49,$49,1.00551329617663 0XFF970A61A04B1CA14834A43F5DE4533EBDDB5CC8,-,0.77%,**4 days ago Updated recently,-
139,SpiritSwap,SPIRIT/MIM Live Chart 0x5cc61a78f164885776aa610fb0fe1257df78e59b,*$0.901172,$0.00,0.000 SPIRIT,$0,$0,0.177620629566275 0X82F0B8B456C1A451378467398982D4834B6829C1,-,126.3%,**1 day ago Updated recently,-
140,Trader Joe,MIM/GMA Live Chart 0x130966628846bfd36ff31a822705796e8cb8c18d,*$0.997964,$0.00,0.000 MIM,$0,$0,0.738830896121468 0X19CFD1A6B1CD236B542B561ED26B32D697E5A77F,-,0.01%,**5 days ago Updated recently,-
141,Spookyswap,MIM/BAKER Live Chart 0x82f0b8b456c1a451378467398982d4834b6829c1,*$1.01,$0.00,0.000 MIM,$0,$0,433.747826459477 0XFE27133F2E8C8539363883D914BCCB4B21EBD28A,-,0.01%,**5 days ago Updated recently,-
142,Sushiswap (Arbitrum One),Z2O/MIM 0xdb96f8efd6865644993505318cc08ff9c42fb9ac,*$1.00,$0.00,0.000 Z2O,$0,$0,35.910233982883 0XFEA7A6A0B346362BF88A9E4A88416B77A57D6C2A,-,0.01%,**14 hours ago Updated recently,-
143,Trader Joe,MIM/LVT Live Chart 0x130966628846bfd36ff31a822705796e8cb8c18d,*$0.997417,$0.00,0.000 MIM,$0,$0,342.684784182254 0XFF579D6259DEDCC80488C9B89D2820BCB5609160,-,0.01%,**2 days ago Updated recently,-
144,Sushiswap (Arbitrum One),MAGIC/MIM 0x2c852d3334188be136bfc540ef2bb8c37b590bad,*$1.00,$0.00,0.000 MAGIC,$0,$0,0.0121053306822205 0XFEA7A6A0B346362BF88A9E4A88416B77A57D6C2A,-,0.01%,**22 hours ago Updated recently,-
145,SpiritSwap,USDT/MIM Live Chart 0x049d68029688eabf473097a2fc38ef61633a3c7a,*$1.05,$0.00,0.000 USDT,$0,$0,0.959379441614388 0X82F0B8B456C1A451378467398982D4834B6829C1,-,0.01%,**4 days ago Updated recently,-
146,Trader Joe,MIM/SMRTR Live Chart 0x130966628846bfd36ff31a822705796e8cb8c18d,*$1.00,$0.00,0.000 MIM,$0,$0,1373758.8980514 0X6D923F688C7FF287DC3A5943CAEEFC994F97B290,-,0.01%,**5 days ago Updated recently,-
147,Trader Joe,MIM/SMRT Live Chart 0x130966628846bfd36ff31a822705796e8cb8c18d,*$0.997964,$0.00,0.000 MIM,$0,$0,636.628080293617 0XCC2F1D827B18321254223DF4E84DE399D9FF116C,-,0.01%,**22 hours ago Updated recently,-
148,Trader Joe,MIM/SLD Live Chart 0x130966628846bfd36ff31a822705796e8cb8c18d,*$0.999357,$0.00,0.000 MIM,$0,$0,3.63308458625424 0XAD7476C49D3F82A144F4836AACB9B069C188B759,-,0.01%,**2 days ago Updated recently,-
149,Trader Joe,MIM/PARR Live Chart 0x130966628846bfd36ff31a822705796e8cb8c18d,*$1.00,$0.00,0.000 MIM,$0,$0,129.38217567648 0XF10B5A72F0ABEB27A5DDBA950082E4EDFF4C825D,-,0.01%,**2 days ago Updated recently,-
150,Trader Joe,MIM/MM Live Chart 0x130966628846bfd36ff31a822705796e8cb8c18d,*$0.997964,$0.00,0.000 MIM,$0,$0,0.0740820804483433 0X993163CAD35162FB579D7B64E6695CB076EF5064,-,0.01%,**7 days ago Updated recently,-
151,OpenOcean,MIM/HEC,*$1.04,"$12,279",11761.518 MIM,-,-,0.01468896 HEC,-,-,**3 days ago Updated 2 days ago,-
152,OpenOcean,MIM/TOMB,*$1.08,"$7,985",7386.920 MIM,-,-,0.46304301 TOMB,-,-,**1 day ago Updated 19 hours ago,-
153,OpenOcean,CRV/MIM,*$1.01,"$4,595",1000.000 CRV,-,-,4.55794158 MIM,-,-,**1 day ago Updated 5 hours ago,-
154,OpenOcean,MIM/TAROT,*$0.986218,$986,1000.000 MIM,-,-,1.84791939 TAROT,-,-,**1 day ago Updated 3 hours ago,-
155,OpenOcean,BEETS/MIM,*$0.974827,$305,580.835 BEETS,-,-,0.53891447 MIM,-,-,**9 hours ago Updated recently,-
156,OpenOcean,MIM/BRUSH,*$0.755799,$151,200.000 MIM,-,-,10.89096239 BRUSH,-,-,**5 days ago Updated 5 days ago,-
157,OpenOcean,BOO/MIM,*$0.974827,$79.51,3.782 BOO,-,-,21.56714276 MIM,-,-,**10 hours ago Updated recently,-
158,OpenOcean,ANKR/MIM,*$0.987345,$65.88,0.845 ANKR,-,-,78.9594454 MIM,-,-,**2 days ago Updated 1 day ago,-
